Ch.,B,A,x0,y0,Ra,Dec,FWHMx,FWHMy,Mag,Beta,r,Angle,RMSE,DR3Name,RAdeg,DEdeg,errHalfMaj,errHalfMin,errPosAng,SolID,Source,RandomI,e_RAdeg,e_DEdeg,Plx,e_Plx,RPlx,PM,pmRA,e_pmRA,pmDE,e_pmDE,RADEcor,RAPlxcor,RApmRAcor,RApmDEcor,DEPlxcor,DEpmRAcor,DEpmDEcor,PlxpmRAcor,PlxpmDEcor,pmRApmDEcor,NAL,NAC,NgAL,NbAL,gofAL,chi2AL,epsi,sepsi,Solved,APF,nueff,pscol,e_pscol,RApscolCorr,DEpscolCorr,PlxpscolCorr,pmRApscolCorr,pmDEpscolCorr,MatchObsA,Nper,amax,MatchObs,IPDgofha,IPDgofhp,IPDfmp,IPDfow,RUWE,Dup,o_Gmag,FG,e_FG,RFG,Gmag,e_Gmag,o_BPmag,FBP,e_FBP,RFBP,BPmag,e_BPmag,o_RPmag,FRP,e_FRP,RFRP,RPmag,e_RPmag,E(BP/RP),NBPcont,NBPblend,NRPcont,NRPblend,Mode,BP-RP,BP-G,G-RP,RV,e_RV,n_RV,o_RV,o_RVd,RVNper,RVS/N,RVgof,RVchi2,RVTdur,RVamp,RVtempTeff,RVtemplogg,RVtemp[Fe/H],Vatmparam,vbroad,e_Vbroad,o_Vbroad,GRVSmag,e_GRVSmag,o_GRVSmag,RVSS/N,VarFlag,PQSO,PGal,PSS,Teff,b_Teff_x,B_Teff_xa,logg,b_logg_x,B_logg_xa,[Fe/H],b_[Fe/H]_x,B_[Fe/H]_xa,Dist,b_Dist_x,B_Dist_xa,A0,b_A0_x,B_A0_xa,AG,b_AG_x,B_AG_xa,E(BP-RP),b_E(BP-RP)_x,B_E(BP-RP)_xa,Lib,RAJ2000,DEJ2000,e_RAJ2000,e_DEJ2000,RADEcorJ2000,angDist,angular_distance_from_cluster_center_2,Linear_distance_from_cluster_center,Star_Count
0,71.1015,182.534,27.4232,20.3071,251.761,-45.8436,2.11959,1.47111,-6.93827,-1,0.694053,-44.5432,1.08282,Gaia DR3 5940106763006665088,251.7604178,-45.84373404,0,0,88,1.63615E+18,5.94011E+18,442373055,0.3393,0.2407,0.2265,0.3787,0.598,3.613,-1.435,0.431,-3.315,0.343,0.0283,-0.2084,-0.1637,0.0569,-0.1265,0.0977,-0.3995,-0.1456,0.0521,-0.1376,279,0,278,1,2.7375,406.87,1.6,4.7661,95,FALSE,,1.1134,0.0753,0.025,0.154,0.038,-0.078,-0.082,32,15,0.611129,34,0.03993,108,1,0,1.118,0,279,370.41672,1.51489,244.517,19.26564,0.005226,2,16.6961,2.02414,8.24849,22.282003,0.131658,6,379.801,25.9075,14.6599,18.299004,0.074158,1.07,0,0,0,1,2,3.983,3.016363,0.966637,,,,,,,,,,,,,,,,,,,,,,,NOT_AVAILABLE,0,0,0.999997,,,,,,,,,,,,,,,,,,,,,,,251.7604269,-45.8437193,6.954292,5.596155,-0.1407,1.540212,4.29E-04,0.029964091,1
0,55.4044,317.412,27.4199,22.4869,251.761,-45.846,5.19682,0.653348,-5.9602,-1,0.125721,77.7387,7.99074,Gaia DR3 5940106763016851456,251.7607265,-45.84623278,0.001,0,87,1.63615E+18,5.94011E+18,1739927137,0.5233,0.3673,-1.2278,0.5862,-2.0944,3.856,-1.919,0.712,-3.345,0.539,0.0357,-0.1677,-0.0445,0.1329,-0.0393,0.153,-0.399,0.025,0.0671,-0.0482,253,0,251,2,2.2076,335.51,1.935,2.9109,95,FALSE,,1.1312,0.1169,0.066,0.127,0.069,-0.024,0.056,29,14,0.98917,30,0.07755,93.85,0,0,1.1,0,226,220.782,1.80244,122.491,19.827457,0.009282,0,,,,,,0,,,,,,,,,,,2,,,,,,,,,,,,,,,,,,,,,,,,,,NOT_AVAILABLE,,,,,,,,,,,,,,,,,,,,,,,,,,251.7607387,-45.84621792,11.433861,8.773922,-0.0595,1.083555,0.00243904,0.170276955,2
0,117.28,109.748,18.7219,19.8486,251.775,-45.8436,5.26843,3.15654,-8.043,-1,0.599142,31.3932,34.3781,Gaia DR3 5940106041452144512,251.7760946,-45.84425265,0.001,0.001,84,1.63615E+18,5.94011E+18,271112523,0.8559,0.5624,1.4731,0.8937,1.6484,5.259,-4.316,1.208,-3.004,1.152,0.0983,0.1573,0.1774,0.5266,-0.4093,0.4146,-0.3231,-0.1316,0.4539,0.1364,189,0,185,4,8.3909,415.47,3.437,11.289,95,FALSE,,1.3071,0.1689,-0.031,0.175,0.051,0.027,-0.111,23,12,1.799008,24,0.05032,111.5,2,0,1.473,0,175,245.36795,2.21341,110.855,19.712822,0.010174,4,42.4171,6.62515,6.40243,21.269691,0.169605,9,1860.23,163.167,11.4007,16.57398,0.095309,7.754,0,4,0,9,0,4.695711,1.55687,3.138842,,,,,,,,,,,,,,,,,,,,,,,NOT_AVAILABLE,0,0,0.999973,,,,,,,,,,,,,,,,,,,,,,,251.7761222,-45.84423929,19.198416,18.625635,0.1002,3.6221,0.003578707,0.249840675,3
0,29.749,88.3447,32.2277,17.7281,251.754,-45.8405,4.73178,0.464661,-5.51038,-1,0.0981999,-30.5158,3.91881,Gaia DR3 5940106763007026176,251.7542436,-45.8401984,0.001,0,78,1.63615E+18,5.94011E+18,835845142,0.8299,0.4835,-0.3183,0.8679,-0.3668,2.339,-0.589,1.136,-2.263,0.842,0.2561,0.0593,-0.3401,-0.1135,0.043,-0.1247,-0.3113,-0.2988,-0.0743,0.1304,222,0,220,2,4.0014,328.24,2.901,4.1176,95,FALSE,,1.2766,0.1636,-0.131,0.08,0.007,-0.065,0.044,26,14,1.633528,28,0.09675,18.31,2,7,1.198,0,229,152.29088,0.959276,158.756,20.230682,0.007373,4,26.6641,12.2959,2.16854,21.773727,0.500685,5,340.708,72.804,4.67979,18.41694,0.232036,2.412,0,0,0,0,0,3.356787,1.543045,1.813742,,,,,,,,,,,,,,,,,,,,,,,NOT_AVAILABLE,0,0,0.999994,,,,,,,,,,,,,,,,,,,,,,,251.7542474,-45.84018834,18.476083,13.62957,0.1366,1.248219,0.003934479,0.274678216,4
0,14.3522,31.9253,35.2623,19.6185,251.749,-45.8424,2.39828,1.73248,-5.23108,-1,0.722386,-77.9044,9.81367,Gaia DR3 5940106763006678144,251.7485531,-45.84325631,0.001,0,76,1.63615E+18,5.94011E+18,1236682996,0.6129,0.3742,0.6997,0.6365,1.0994,3.617,-2.569,0.753,-2.545,0.541,0.2817,-0.1324,-0.4508,-0.1445,-0.013,-0.1705,-0.492,-0.3047,-0.0664,0.1992,246,9,242,4,1.5621,285.55,0.858,0.62182,95,FALSE,,1.3154,0.1153,-0.08,0.105,0.22,-0.157,-0.115,29,15,1.119522,30,0.04728,54.72,0,3,1.071,0,249,186.72262,1.02114,182.857,20.009375,0.006546,11,29.6889,8.18796,3.62593,21.657057,0.29945,17,461.916,15.0673,30.6568,18.086489,0.035617,2.633,0,0,0,2,1,3.570568,1.647682,1.922886,,,,,,,,,,,,,,,,,,,,,,,NOT_AVAILABLE,0,0,0.999996,,,,,,,,,,,,,,,,,,,,,,,251.7485694,-45.843245,12.333718,8.839907,0.2051,3.275509,0.004043428,0.282284245,5
0,63.149,47.0176,31.5379,23.5615,251.754,-45.847,1.28301,1.27915,-4.76664,-1,0.996995,-56.518,25.1882,Gaia DR3 5940106763006657664,251.7536002,-45.84707455,0.001,0,124,1.63615E+18,5.94011E+18,375225563,0.4548,0.3648,0.8025,0.4777,1.6802,4.631,-1.423,0.784,-4.407,0.694,-0.5743,-0.0399,0.0081,0.0519,-0.3743,0.3004,-0.4945,-0.2489,0.3099,-0.8259,187,0,187,0,1.0386,223.02,0.907,1.5878,95,FALSE,,1.2329,0.0843,-0.033,0.187,-0.291,-0.135,0.001,21,10,1.396295,33,0.008264,82.92,0,42,1.053,0,191,408.16242,1.69014,241.496,19.160284,0.005273,0,,,,,,0,,,,,,,,,,,2,,,,,,,,,,,,,,,,,,,,,,,,,,NOT_AVAILABLE,,,,,,,,,,,,,,,,,,,,,,,,,,251.7536093,-45.84705496,12.549984,11.296446,-0.8243,1.032448,0.004190364,0.292542312,6
0,194.583,-42.0082,21.1288,24.2073,251.771,-45.8483,5.74663,0.252854,-0.00103619,-1,0.0440003,13.0686,34.5723,Gaia DR3 5940106041452123776,251.770894,-45.84805288,0,0,86,1.63615E+18,5.94011E+18,469227007,0.3983,0.2576,-0.496,0.435,-1.1403,5.086,-2.025,0.524,-4.665,0.423,0.0598,-0.0731,-0.3017,0.0748,-0.1931,0.1209,-0.4908,-0.2944,0.2238,-0.1105,242,0,242,0,0.7059,293.61,1.049,1.6051,95,FALSE,,1.1362,0.0876,0.021,0.078,0.13,-0.15,-0.05,29,15,0.753918,31,0.01038,56.17,0,0,1.031,0,246,303.48243,1.38472,219.165,19.482033,0.005669,0,,,,,,0,,,,,,,,,,,2,,,,,,,,,,,,,,,,,,,,,,,,,,NOT_AVAILABLE,,,,,,,,,,,,,,,,,,,,,,,,,,251.770907,-45.84803214,8.505936,6.896745,-0.1145,0.92896,0.005302286,0.370169049,7
0,103.749,162.433,25.1847,25.3707,251.764,-45.8494,1.76863,1.2639,-6.49769,-1,0.714624,-36.3393,2.80953,Gaia DR3 5940106763006624896,251.7643248,-45.84959743,0,0,126,1.63615E+18,5.94011E+18,519945912,0.1742,0.142,0.4584,0.1737,2.6396,4.593,-3.534,0.295,-2.934,0.27,-0.6015,0.1849,-0.2683,0.15,-0.3444,0.2702,-0.5039,-0.1471,0.2306,-0.741,266,0,266,0,1.3106,613.65,0.748,9.339,95,FALSE,,1.0938,0.0329,-0.105,0.183,-0.217,-0.002,-0.094,31,13,0.522204,37,0.06191,35.83,1,30,1.057,0,269,1949.88433,6.26582,311.194,17.462345,0.004446,0,,,,,,0,,,,,,,,,,,2,,,,,,,,,,,,,,,,,,,,,,,,,,NOT_AVAILABLE,,,,,,,,,,,,,,,,,,,,,,,,,,251.7643473,-45.84958439,4.766765,4.400571,-0.7358,1.067693,0.005815932,0.406028242,8
0,21.525,49.7122,35.321,24.7457,251.748,-45.8481,1.33337,1.13084,-4.83972,-1,0.848105,-89.4052,5.91899,Gaia DR3 5940106763016855424,251.7489847,-45.84801423,0.001,0,95,1.63615E+18,5.94011E+18,50201599,0.9115,0.4264,,,,,,,,,-0.1518,,,,,,,,,,107,0,106,1,1.8199,128.35,0.892,1.0569,3,FALSE,,,,,,,,,13,9,2.84763,15,0.1529,92.56,0,13,,0,51,602.71225,47.5283,12.6811,18.737091,0.085663,0,,,,,,0,,,,,,,,,,,0,,,,,,,,,,,,,,,,,,,,,,,,,,NOT_AVAILABLE,5.39E-04,4.10E-05,0.988811,,,,,,,,,,,,,,,,,,,,,,,251.7489847,-45.84801423,0.911484,0.426353,-0.1518,2.485322,0.006143744,0.428913867,9
0,27.098,83.1226,12.3869,17.5567,251.786,-45.8414,6.06989,0.727688,-5.05115,-1,0.119885,12.6228,4.93794,Gaia DR3 5940199877886897152,251.7866277,-45.84120059,0,0,103,1.63615E+18,5.9402E+18,1781817455,0.2596,0.1889,-0.3471,0.2875,-1.2072,4.545,-2.32,0.347,-3.909,0.302,-0.1619,-0.0706,-0.4443,0.1297,-0.1526,0.1636,-0.5536,-0.1257,0.1886,-0.2344,321,0,321,0,2.8378,462.38,1.137,4.3957,95,FALSE,,1.1749,0.0584,-0.168,0.155,-0.037,0.121,-0.155,38,19,0.52715,42,0.03155,100.6,0,12,1.114,0,312,488.72541,1.29153,378.407,18.964705,0.003978,5,31.5596,5.23708,6.02619,21.590714,0.180191,9,873.588,22.9131,38.1262,17.394629,0.028727,1.852,0,0,0,0,1,4.196085,2.626009,1.570076,,,,,,,,,,,,,,,,,,,,,,,NOT_AVAILABLE,0,0,0.999999,,,,,,,,,,,,,,,,,,,,,,,251.7866425,-45.84118322,5.670223,4.94244,-0.2367,1.740778,0.007056689,0.492649363,10
0,203.665,-15.4145,20.8628,25.9616,251.771,-45.8503,6.91506,0.0128946,-0.0197319,-1,0.00186471,24.1406,29.9963,Gaia DR3 5940106007092376576,251.7705277,-45.85010363,0.001,0,89,1.63615E+18,5.94011E+18,1788782597,1.3196,0.3195,,,,,,,,,0.0954,,,,,,,,,,92,0,92,0,5.5041,180.59,1.362,6.5608,3,FALSE,,,,,,,,,11,6,2.960269,12,0.04368,165.9,0,50,,0,93,954.74772,6.93262,137.718,18.237646,0.008351,0,,,,,,0,,,,,,,,,,,2,,,,,,,,,,,,,,,,,,,,,,,,,,NOT_AVAILABLE,,,,,,,,,,,,,,,,,,,,,,,,,,251.7705277,-45.85010363,1.319562,0.319546,0.0954,1.370647,0.007137423,0.498285636,11
0,44.9098,16.9042,13.5434,14.421,251.784,-45.8379,2.11798,1.99794,-4.68492,-1,0.943323,1.92634,19.9617,Gaia DR3 5940199873591623040,251.7830735,-45.83813049,0,0,108,1.63615E+18,5.9402E+18,1671333391,0.2633,0.2008,0.379,0.2962,1.2794,2.737,-0.483,0.384,-2.694,0.323,-0.2049,-0.0583,-0.453,0.0712,-0.1125,0.1272,-0.5758,-0.1749,0.144,-0.2926,341,0,340,1,110.6608,19837,2.354,744.66,31,FALSE,1.432,,,,,,,,42,18,0.583581,44,0.071,25.69,5,0,7.553,0,333,10027.38853,21.8642,458.621,15.684398,0.003633,37,4215.46,14.1875,297.124,16.27643,0.004598,37,9177.84,24.2794,378.01,14.841044,0.004747,1.336,0,37,0,37,0,1.435386,0.592032,0.843353,,,,,,,,,,,,,,,,,,,,,,,NOT_AVAILABLE,0,0,0.999997,6038.6,6020.1,6067.8,4.4946,4.4854,4.4985,-1.4625,-1.4865,-1.4337,695.2728,689.2314,706.5607,1.6884,1.6776,1.7056,1.3614,1.3522,1.376,0.7544,0.7492,0.7625,A,251.7830766,-45.83811851,6.260557,5.290026,-0.2884,2.461444,0.008348594,0.582841259,12
0,46.7073,223.827,10.0775,22.9995,251.789,-45.8476,1.55467,1.19277,-6.61511,-1,0.767219,-76.3706,3.35187,Gaia DR3 5940106041460467456,251.7890843,-45.84714684,0,0,116,1.63615E+18,5.94011E+18,1105352396,0.0532,0.0417,0.287,0.0611,4.701,4.353,-2.248,0.077,-3.728,0.067,-0.3073,-0.1301,-0.4079,0.2069,-0.1395,0.255,-0.6033,-0.1362,0.1141,-0.3716,337,0,337,0,-1.5036,4703.1,0.457,148.38,31,FALSE,1.133,,,,,,,,39,19,0.122022,41,0.02712,98.34,0,0,0.941,0,341,87075.28986,98.3573,885.296,13.337629,0.003016,38,2238.72,20.8538,107.353,16.963545,0.010492,39,153725,489.401,314.108,11.781035,0.005122,1.791,0,31,0,3,0,5.182509,3.625916,1.556594,79.16,7.01,1,8,0,7,27.044,14.075,0,559.047,47.04,3900,1.5,-2,111,,,,,,,,NOT_AVAILABLE,0,0,1,3960.6,3949.9,3980.2,0.4256,0.4049,0.4645,-1.15,-1.1502,-1.1497,1220.0238,1198.627,1269.8339,9.9629,9.6732,9.9975,5.9396,5.7923,5.95,3.4838,3.3866,3.4919,MARCS,251.7890986,-45.84713027,1.254369,1.102039,-0.3749,1.641085,0.008624563,0.602107539,13
0,65.0432,116.469,28.6933,28.7706,251.759,-45.8529,1.71714,0.685269,-5.42184,-1,0.399075,42.5484,15.8595,Gaia DR3 5940106763006614016,251.7584246,-45.85299094,0,0,75,1.63615E+18,5.94011E+18,104673233,0.2974,0.1438,0.3239,0.2369,1.367,4.466,-2.317,0.505,-3.818,0.263,0.4694,0.1221,-0.7512,-0.55,0.0846,-0.5199,-0.7026,-0.2722,-0.0983,0.6082,281,0,277,4,-0.9489,356.79,0.672,2.9632,95,FALSE,,1.0998,0.0427,-0.192,-0.048,0.197,0.113,0.103,33,13,0.779996,34,0.03511,26.29,1,0,0.958,0,278,856.03035,1.72282,496.878,18.356144,0.003517,2,45.1485,3.93705,11.4676,21.201933,0.09472,4,2204.22,58.3446,37.7793,16.38976,0.028986,2.628,0,2,0,4,0,4.812174,2.845789,1.966385,,,,,,,,,,,,,,,,,,,,,,,NOT_AVAILABLE,0,0,0.999999,,,,,,,,,,,,,,,,,,,,,,,251.7584394,-45.85297397,8.307922,4.309694,0.6143,1.484889,0.009356915,0.65323527,14
0,24.5153,214.676,20.8709,11.5413,251.772,-45.8343,8.05446,0.860921,-5.63707,-1,0.106887,-6.79183,12.164,Gaia DR3 5940106041453078912,251.7721339,-45.83435784,0.004,0.001,69,1.63615E+18,5.94011E+18,1030177684,4.1743,1.9952,,,,,,,,,0.7404,,,,,,,,,,63,0,63,0,2.6971,91.264,4.404,1.7768,3,FALSE,,,,,,,,,8,8,22.658049,8,0.2046,69.64,0,0,,0,62,86.93956,1.3493,64.4329,20.839323,0.017074,4,53.53,17.3427,3.08661,21.01705,0.351768,6,140.997,18.1459,7.77018,19.374874,0.139782,2.237,0,0,0,0,1,1.642176,0.177727,1.464449,,,,,,,,,,,,,,,,,,,,,,,NOT_AVAILABLE,6.00E-06,3.00E-06,0.999266,,,,,,,,,,,,,,,,,,,,,,,251.7721339,-45.83435784,4.174279,1.995154,0.7404,0.386612,0.009677314,0.675603333,15
0,19.7513,-7.16791,38.162,13.3445,251.745,-45.8352,1.63063,0.0274178,0.0171648,-1,0.0168142,-1.33416,14.231,Gaia DR3 5940106827422734208,251.7436713,-45.83599204,0,0,104,1.63615E+18,5.94011E+18,208666995,0.065,0.048,0.5396,0.0763,7.0679,7.915,-4.865,0.092,-6.243,0.077,-0.1664,-0.0742,-0.3621,0.0615,-0.1094,0.0924,-0.4884,-0.0528,0.1051,-0.2192,397,0,396,1,0.3297,418.68,0.115,0.42492,31,FALSE,1.355,,,,,,,,46,19,0.135567,47,0.0148,83.08,0,0,1.011,0,401,2583.67808,1.68545,1532.93,17.15677,0.002845,42,783.367,7.433,105.39,18.103628,0.010673,40,2587.86,6.14722,420.98,16.215544,0.004576,1.305,0,0,0,1,0,1.888084,0.946857,0.941227,,,,,,,,,,,,,,,,,,,,,,,NOT_AVAILABLE,0,0,0.999997,5598.6,5470.4,5666.4,4.5949,4.5748,4.6219,-1.0344,-1.1332,-0.9669,794.1365,746.5756,824.9133,2.6155,2.5386,2.6578,1.9999,1.9339,2.0356,1.1063,1.0681,1.1271,MARCS,251.7437023,-45.83596429,1.495684,1.26372,-0.2178,4.373762,0.009745363,0.680354026,16
0,36.3579,252.211,27.1017,11.1959,251.763,-45.8335,0.88981,0.809152,-5.57423,-1,0.909354,59.8702,12.4828,Gaia DR3 5940106793069534976,251.7630681,-45.83377292,0,0,91,1.63615E+18,5.94011E+18,1739142143,0.2302,0.1526,-0.6084,0.2602,-2.3386,4.075,-1.359,0.333,-3.841,0.245,-0.0092,-0.0529,-0.3218,-0.0246,-0.0465,-0.0134,-0.4664,-0.1388,0.022,-0.0298,351,0,351,0,-0.4952,411.12,0.647,1.4115,95,FALSE,,1.1355,0.0493,0.033,0.103,0.072,-0.07,-0.055,42,19,0.468626,45,0.02381,68.27,0,0,0.98,0,311,502.30515,1.3804,363.883,18.934948,0.004061,20,39.4093,8.66903,4.54599,21.349546,0.23885,37,901.579,16.3487,55.1469,17.360386,0.020048,1.873,0,0,0,0,1,3.989161,2.414598,1.574562,,,,,,,,,,,,,,,,,,,,,,,NOT_AVAILABLE,0,0,1,,,,,,,,,,,,,,,,,,,,,,,251.7630767,-45.83375585,5.406567,3.99403,-0.0273,0.997363,0.010101075,0.70518737,17
0,24.6852,87.4165,34.5866,29.1319,251.749,-45.853,1.34097,1.0106,-5.2918,-1,0.753637,10.7555,1.48421,Gaia DR3 5940106659927602944,251.7482698,-45.85290974,0,0,102,1.63615E+18,5.94011E+18,1660579906,0.3039,0.2292,-0.0376,0.3537,-0.1063,4.744,-2.123,0.402,-4.243,0.341,-0.1219,-0.1493,-0.2198,0.0887,-0.1989,0.186,-0.5039,-0.2746,0.2016,-0.2574,268,0,266,2,2.9554,379.4,1.171,3.1492,95,FALSE,,1.2014,0.0678,0.054,-0.008,0.083,-0.15,-0.037,32,17,0.604799,32,0.04259,91.14,0,0,1.131,0,265,397.74136,1.28888,308.595,19.188364,0.004469,13,28.7323,6.90026,4.16395,21.692616,0.260762,27,627.417,8.20159,76.4995,17.754004,0.014687,1.65,0,2,0,1,1,3.938612,2.504251,1.434361,,,,,,,,,,,,,,,,,,,,,,,NOT_AVAILABLE,0,0,0.999999,,,,,,,,,,,,,,,,,,,,,,,251.7482833,-45.85289088,6.512464,5.574632,-0.2609,1.842466,0.010188755,0.71130861,18
0,18.4501,37.9028,21.9987,10.8863,251.771,-45.8335,1.68369,1.68361,-5.6726,-1,0.999951,-80.3414,11.6482,Gaia DR3 5940106797351177472,251.7705011,-45.83331733,0,0,108,1.63615E+18,5.94011E+18,965569690,0.0751,0.0542,0.3343,0.0868,3.8509,2.186,0.939,0.102,-1.974,0.086,-0.2427,-0.1864,-0.3704,0.1062,-0.0218,0.1312,-0.4887,-0.0074,0.0529,-0.2562,377,0,374,3,1.2002,421.21,0.167,0.76172,31,FALSE,1.328,,,,,,,,44,19,0.152519,46,0.01974,90.36,1,0,1.044,0,378,2318.03786,1.7629,1314.9,17.274565,0.002876,44,624.374,5.70588,109.427,18.34993,0.010307,41,2680.33,18.6134,144,16.177425,0.008434,1.426,0,44,0,41,0,2.172504,1.075365,1.097139,,,,,,,,,,,,,,,,,,,,,,,NOT_AVAILABLE,0,0,0.999999,,,,,,,,,,,,,,,,,,,,,,,251.7704952,-45.83330855,1.657257,1.402543,-0.2569,1.404732,0.010379496,0.724624871,19
0,30.3715,135.335,12.6403,27.881,251.784,-45.8529,2.44566,0.588609,-5.44415,-1,0.240675,53.4521,5.60801,Gaia DR3 5940106037155292672,251.7831573,-45.85236117,0.001,0,79,1.63615E+18,5.94011E+18,59674982,0.6654,0.4082,1.7902,0.663,2.6999,5.779,-2.613,0.876,-5.154,0.651,0.2145,0.0683,-0.5078,-0.1364,0.0956,-0.1678,-0.4165,-0.3213,-0.0464,0.1758,246,0,246,0,5.9577,439.24,2.522,6.3303,95,FALSE,,1.1818,0.1311,-0.061,0.014,0.063,-0.015,-0.085,29,17,1.301422,33,0.05216,101.3,0,0,1.282,0,244,187.98925,1.01474,185.259,20.002035,0.006476,13,27.5747,5.75282,4.79325,21.737265,0.226531,27,291.404,9.78793,29.7717,18.586658,0.036664,1.697,0,0,0,0,1,3.150606,1.735229,1.415377,,,,,,,,,,,,,,,,,,,,,,,NOT_AVAILABLE,0,0,0.999998,,,,,,,,,,,,,,,,,,,,,,,251.783174,-45.85233827,14.369083,10.584625,0.1816,2.86562,0.011207505,0.782430745,20
0,38.6096,203.555,9.04366,11.3442,251.791,-45.8347,1.86942,1.86906,-7.26828,-1,0.99981,-73.6514,30.1801,Gaia DR3 5940199877892579072,251.791538,-45.83406539,0,0,96,1.63615E+18,5.9402E+18,44437317,0.0288,0.0204,0.3807,0.0312,12.2061,5.6,-2.625,0.041,-4.947,0.033,-0.0782,-0.0431,-0.4171,-0.0277,-0.0858,0.0064,-0.4673,-0.0992,0.0635,-0.1553,343,0,338,5,1.3884,374.97,0.078,1.1911,31,FALSE,1.366,,,,,,,,40,18,0.059235,42,0.03184,92.88,0,0,1.053,0,341,15114.92669,5.60501,2696.68,15.238852,0.002785,42,4882.5,12.016,406.332,16.116936,0.003863,42,15163.1,17.6479,859.202,14.295926,0.003985,1.326,0,0,0,0,0,1.82101,0.878084,0.942925,,,,,,,,,,,,,,,,,,,,,,,NOT_AVAILABLE,0,0,0.999999,8597.3,8592.4,8599.5,3.5053,3.5005,3.5151,-0.2527,-0.2531,-0.2522,2708.629,2680.2612,2722.683,3.8338,3.8312,3.8366,3.1443,3.1423,3.1464,1.7401,1.7389,1.7414,PHOENIX,251.7915547,-45.83404341,0.669202,0.53581,-0.1488,2.657657,0.011993214,0.837283528,21
0,11.928,49.651,34.5099,9.50103,251.751,-45.8312,0.849194,0.640796,-4.28717,-1,0.754594,-3.72336,12.2881,Gaia DR3 5940106797366443776,251.7512678,-45.83097898,0.001,0,68,1.63615E+18,5.94011E+18,1384779250,1.3178,0.6746,0.097,0.9195,0.1055,1.79,-1.458,1.941,-1.038,1.09,0.7028,0.2558,-0.7529,-0.6135,0.3686,-0.6437,-0.6935,-0.4187,-0.274,0.7642,188,0,188,0,-0.4255,185.37,0,1.49E-15,95,FALSE,,1.3639,0.1724,0.029,0.162,0.315,-0.049,-0.077,22,13,3.170259,24,0.03061,85.88,0,0,0.976,0,196,141.35659,0.961728,146.982,20.311577,0.007884,10,35.4138,11.3795,3.11206,21.46561,0.348892,10,135.154,9.00218,15.0134,19.420826,0.072416,1.207,0,0,0,0,0,2.044785,1.154034,0.890751,,,,,,,,,,,,,,,,,,,,,,,NOT_AVAILABLE,0,0,0.999986,,,,,,,,,,,,,,,,,,,,,,,251.7512771,-45.83097437,32.054744,17.920721,0.7698,1.029032,0.012812334,0.894468814,22
0,71.0892,192.122,19.5129,31.1826,251.773,-45.8561,2.34898,1.72604,-7.25355,-1,0.734805,32.764,6.65854,Gaia DR3 5940106007100724224,251.7732768,-45.85482849,0,0,99,1.63615E+18,5.94011E+18,1326689519,0.0836,0.0597,0.3043,0.0957,3.1789,1.875,-0.745,0.117,-1.721,0.095,-0.1143,-0.1045,-0.345,0.0193,-0.0854,0.0511,-0.4777,-0.1239,0.0858,-0.1482,362,0,362,0,-0.4033,362.01,0,0,31,FALSE,1.34,,,,,,,,42,19,0.168689,45,0.02571,93.44,0,0,0.984,0,362,1814.29104,1.58697,1143.24,17.5406,0.002914,41,531.759,9.57531,55.5344,18.524256,0.019749,37,1863.83,21.7404,85.7311,16.571878,0.013216,1.32,0,3,0,3,0,1.952377,0.983656,0.968721,,,,,,,,,,,,,,,,,,,,,,,NOT_AVAILABLE,0,0,0.999993,5619.7,5470.6,5804.3,4.6706,4.6265,4.7054,-1.9061,-2.3329,-1.5744,830.2748,774.8001,922.4523,2.6808,2.5769,2.8027,2.0407,1.9549,2.1442,1.1367,1.0874,1.1936,PHOENIX,251.7732816,-45.85482084,1.909343,1.541435,-0.1461,4.625176,0.01286929,0.898445083,23
0,69.0638,128.18,26.1533,32.4521,251.762,-45.8572,3.81244,0.64898,-5.90161,-1,0.170227,-39.6539,11.7163,Gaia DR3 5940106007100724096,251.7624221,-45.85716406,0,0,95,1.63615E+18,5.94011E+18,1534048488,0.1062,0.0767,0.0247,0.1152,0.2143,4.195,-2.007,0.151,-3.684,0.118,-0.0546,-0.0724,-0.3926,-0.0066,-0.1147,0.0264,-0.5125,-0.1636,0.0557,-0.1615,324,0,324,0,1.0095,1817,0.849,51.436,95,FALSE,,1.0576,0.0233,-0.009,0.14,0.053,-0.103,-0.038,37,18,0.217844,41,0.007115,80.85,0,0,1.039,0,331,5521.07579,7.65835,720.923,16.332308,0.00314,39,112.555,6.92645,16.25,20.210135,0.066873,37,10002.5,34.8162,287.294,14.747629,0.005345,1.832,0,1,0,1,0,5.462505,3.877827,1.584679,,,,,,,,,,,,,,,,,,,,,,,NOT_AVAILABLE,0,0,1,3693.3,3691.4,3695.4,0.8683,0.8451,0.8791,-0.2487,-0.2497,-0.2471,2241.2144,2212.1814,2300.8113,9.999,9.997,9.9998,5.744,5.7415,5.7467,3.5884,3.5868,3.5898,PHOENIX,251.7624349,-45.85714769,2.460421,1.934942,-0.1562,1.082951,0.013601432,0.949558179,24
0,15.4694,29.3685,2.55949,11.5695,251.802,-45.8354,1.31381,1.30527,-4.1276,-1,0.993504,-59.8824,10.326,Gaia DR3 5940199843532839296,251.8017142,-45.83601683,0,0,107,1.63615E+18,5.9402E+18,872910333,0.0439,0.0321,0.2779,0.0494,5.6305,4.384,-1.861,0.062,-3.969,0.052,-0.2065,-0.1214,-0.3508,0.034,-0.0568,0.0669,-0.4591,-0.0315,0.0336,-0.2657,371,0,369,2,10.3587,745.03,0.271,9.2803,31,FALSE,1.344,,,,,,,,43,19,0.092031,46,0.01664,88.65,1,0,1.407,0,377,9147.24856,3.94288,2319.94,15.784141,0.002795,45,2702.49,8.80611,306.888,16.759132,0.004506,44,9640.98,11.1796,862.369,14.787592,0.003984,1.349,0,26,0,25,0,1.97154,0.974992,0.996549,,,,,,,,,,,,,,,,,,,,,,,NOT_AVAILABLE,0,0,0.999999,,,,,,,,,,,,,,,,,,,,,,,251.8017261,-45.8359992,1.007579,0.839515,-0.261,2.336218,0.013847107,0.966709508,25
0,41.0442,159.423,30.0441,33.0707,251.756,-45.8576,1.01484,0.871728,-5.34551,-1,0.858978,-33.0543,5.57732,Gaia DR3 5940106659927383552,251.7554159,-45.85660889,0,0,91,1.63615E+18,5.94011E+18,1289184357,0.2127,0.1406,0.3368,0.234,1.4391,4.491,-2.711,0.301,-3.581,0.228,-0.0184,0.0077,-0.4948,-0.0897,-7.00E-04,-0.0679,-0.5146,-0.1997,0.0571,-0.03,370,0,368,2,0.9291,526.78,0.9,3.9694,95,FALSE,,1.0907,0.0443,-0.078,0.085,0.003,0.006,-0.057,43,18,0.433169,45,0.01811,118.3,0,0,1.034,0,376,633.84448,1.34774,470.302,18.68241,0.003595,22,43.2004,5.48428,7.87714,21.249823,0.137862,42,1142.82,22.5679,50.6391,17.102953,0.021771,1.871,0,17,0,28,1,4.14687,2.567413,1.579456,,,,,,,,,,,,,,,,,,,,,,,NOT_AVAILABLE,0,0,1,,,,,,,,,,,,,,,,,,,,,,,251.7554332,-45.85659298,4.922598,3.72655,-0.0224,3.857591,0.014130283,0.986478908,26
0,28.501,72.8227,34.6065,33.0936,251.749,-45.8574,1.74308,1.31024,-5.6013,-1,0.751682,60.3595,8.03346,Gaia DR3 5940106655624023296,251.7497648,-45.85726231,0,0,109,1.63615E+18,5.94011E+18,444843871,0.1072,0.0757,0.1339,0.1063,1.26,4.614,-2.384,0.135,-3.951,0.109,-0.2746,-0.106,-0.5578,0.1796,-0.0183,0.1817,-0.5887,0.0172,-0.0226,-0.2849,298,0,297,1,1.4858,922.99,0.637,19.356,95,FALSE,,1.1168,0.0218,0.046,0.112,-0.046,-0.089,0.013,35,16,0.20917,36,0.01727,83.15,0,0,1.061,0,290,4071.97225,4.36652,932.545,16.662855,0.002991,35,120.174,7.67719,15.6533,20.139019,0.069417,35,7094.92,21.3036,333.039,15.120526,0.004991,1.772,0,20,0,14,0,5.018493,3.476164,1.542329,,,,,,,,,,,,,,,,,,,,,,,NOT_AVAILABLE,0,0,1,4245.5,4239.4,4250.7,2.1814,2.1511,2.2075,0.3482,0.3426,0.3536,1071.5316,1041.3481,1107.2148,9.9975,9.9936,9.9994,6.0751,6.0714,6.0778,3.5054,3.5038,3.5063,MARCS,251.74978,-45.85724476,2.222416,1.790279,-0.2864,1.99684,0.014355153,1.002177803,27
0,138.442,-15.4266,4.28637,28.1396,251.798,-45.8537,7.65807,2.31894,-0.0224112,-1,0.30281,-86.6305,45.4487,Gaia DR3 5940105972732591744,251.7976571,-45.85364233,0,0,90,1.63615E+18,5.94011E+18,796942969,0.354,0.2105,0.4281,0.3634,1.178,3.275,-1.549,0.413,-2.885,0.321,-0.0031,-0.3104,-0.2408,0.0658,-0.0303,0.0786,-0.4214,-0.0975,0.0118,-0.1194,274,0,274,0,1.9049,372.1,1.358,4.0363,95,FALSE,,1.128,0.0719,-0.078,0.063,0.081,-0.032,-0.046,32,16,0.587117,35,0.01589,87.82,0,0,1.082,0,274,344.72885,1.84264,187.084,19.343674,0.006424,17,14.7718,3.4502,4.28145,22.414957,0.253606,27,639.072,7.50063,85.2025,17.73402,0.013292,1.897,0,0,0,0,0,4.680937,3.071283,1.609653,,,,,,,,,,,,,,,,,,,,,,,NOT_AVAILABLE,0,0,0.999999,,,,,,,,,,,,,,,,,,,,,,,251.797667,-45.85362951,6.698459,5.225258,-0.1222,0.8935,0.014452936,1.009004311,28
0,30.6991,93.505,13.5428,7.60937,251.784,-45.8303,1.42988,1.42988,-5.84124,-1,1,50.7198,11.072,Gaia DR3 5940199877889545984,251.7834192,-45.83067835,0.001,0.001,73,1.63615E+18,5.9402E+18,1690909809,1.2811,0.6594,-1.8605,1.0707,-1.7377,4.15,0.399,1.702,-4.131,1.029,0.479,0.2137,-0.713,-0.4235,0.1692,-0.429,-0.5906,-0.4534,-0.2471,0.4412,261,0,259,2,2.8603,360.47,3.468,3.7738,95,FALSE,,1.0264,0.1945,0.088,0.11,0.173,-0.139,-0.111,32,17,2.696146,32,0.03299,77.54,0,0,1.128,0,255,114.51594,0.834877,137.165,20.540201,0.008381,6,23.4109,5.14386,4.55124,21.914995,0.238575,11,177.916,14.5259,12.2482,19.122356,0.088725,1.758,0,0,0,0,0,2.792639,1.374794,1.417845,,,,,,,,,,,,,,,,,,,,,,,NOT_AVAILABLE,0,0,0.999995,,,,,,,,,,,,,,,,,,,,,,,251.7834166,-45.83065999,28.162133,16.854113,0.4525,1.98976,0.01459898,1.019200108,29
0,26.8877,11.7975,11.6988,7.37843,251.787,-45.8302,3.25734,0.0740225,-0.01117,-1,0.0227248,-21.4306,23.1874,Gaia DR3 5940199877886908800,251.7879652,-45.83051528,0.001,0.001,79,1.63615E+18,5.9402E+18,588921024,1.0006,0.6123,-0.0744,1.0776,-0.069,3.485,0.98,1.501,-3.345,1.13,0.2161,0.1653,-0.3847,-0.0053,0.0691,-0.0429,-0.2494,-0.1684,0.2043,0.3132,174,0,174,0,2.8302,239.42,2.426,1.6915,95,FALSE,,1.5376,0.2168,-0.065,0.127,0.034,0.195,-0.054,20,12,2.213654,23,0.008064,11.29,0,4,1.156,0,184,111.409,1.2795,87.0724,20.570066,0.01277,16,37.5449,5.23669,7.16958,21.402166,0.151462,19,207.496,9.09779,22.8073,18.955372,0.047755,2.199,0,8,0,10,0,2.446795,0.8321,1.614695,,,,,,,,,,,,,,,,,,,,,,,NOT_AVAILABLE,0,0,0.999993,,,,,,,,,,,,,,,,,,,,,,,251.7879589,-45.83050042,24.413788,18.244923,0.3073,2.667835,0.015053257,1.050914592,30
0,19.7941,92.8653,18.7229,6.12513,251.776,-45.8284,1.64451,0.68227,-5.12418,-1,0.414878,-28.4074,8.34446,Gaia DR3 5940199877892580736,251.7782417,-45.82865951,0.001,0.001,83,1.63615E+18,5.9402E+18,478177477,0.8779,0.5242,1.9978,0.9453,2.1134,5.931,-4.312,1.3,-4.073,0.891,0.129,0.1288,-0.453,-0.1298,-0.0085,-0.0937,-0.5249,-0.4048,0.0036,-0.0154,241,0,238,3,5.5119,420.81,3.237,7.0885,95,FALSE,,1.058,0.1765,-0.121,0.147,-0.048,0.06,-0.164,29,17,1.870743,31,0.02388,56.82,0,0,1.265,0,245,149.76003,1.09923,136.241,20.248877,0.008432,2,42.7248,1.18775,35.9711,21.261843,0.030312,5,362.443,22.7254,15.9488,18.349796,0.068181,2.705,0,0,0,0,0,2.912046,1.012966,1.89908,,,,,,,,,,,,,,,,,,,,,,,NOT_AVAILABLE,0,0,0.999995,,,,,,,,,,,,,,,,,,,,,,,251.7782692,-45.82864141,21.206438,14.538608,-0.006,5.698073,0.015660262,1.093291507,31
0,19.579,14.1696,24.4964,5.66095,251.767,-45.8275,2.07947,0.19731,-2.43524,-1,0.0948846,-59.6377,12.1545,Gaia DR3 5940200633803785344,251.7653074,-45.82870474,0.001,0.001,74,1.63615E+18,5.9402E+18,1577769026,1.3958,0.7281,0.5678,1.201,0.4728,4.728,-2.625,1.795,-3.933,1.153,0.4255,0.3327,-0.6713,-0.4113,0.2575,-0.3964,-0.5379,-0.3945,-0.3659,0.342,205,0,197,8,3.8166,310.34,4.076,18.327,95,FALSE,,1.1393,0.2205,0.215,0.25,0.104,-0.183,-0.199,24,15,2.820609,26,0.1022,77.1,0,0,1.2,0,202,121.9382,1.01953,119.602,20.472017,0.009487,16,32.7165,4.9923,6.55339,21.551626,0.165699,20,149.056,10.735,13.8852,19.314518,0.078285,1.491,0,0,0,1,0,2.237108,1.079609,1.157499,,,,,,,,,,,,,,,,,,,,,,,NOT_AVAILABLE,0,0,0.999988,,,,,,,,,,,,,,,,,,,,,,,251.7653242,-45.82868726,29.671857,18.848708,0.3585,6.067979,0.016149312,1.127433608,32
0,16.5503,81.8125,29.2808,5.84981,251.76,-45.8274,1.90627,0.574404,-4.99877,-1,0.301323,-62.474,10.5751,Gaia DR3 5940106797366446336,251.7605875,-45.82725147,0,0,83,1.63615E+18,5.94011E+18,1567737525,0.4225,0.2639,-0.2747,0.439,-0.6257,4.873,-1.725,0.564,-4.557,0.395,0.1159,-0.0996,-0.2238,-0.0293,-0.1074,-0.0418,-0.3894,-0.1046,-0.0056,-0.0389,268,0,267,1,-0.881,288.28,0.055,0.0034538,95,FALSE,,1.0086,0.0957,0.071,0.239,0.033,-0.22,-0.046,31,16,0.788506,33,0.01151,66.96,1,0,0.96,0,258,236.35701,0.988505,239.105,19.753447,0.005311,20,39.4083,6.56025,6.00714,21.349571,0.180763,30,307.996,7.50553,41.0359,18.526533,0.026727,1.47,0,0,0,1,0,2.823038,1.596125,1.226913,,,,,,,,,,,,,,,,,,,,,,,NOT_AVAILABLE,0,0,0.999998,,,,,,,,,,,,,,,,,,,,,,,251.7605985,-45.82723121,9.129378,6.426163,-0.0345,1.580998,0.016214819,1.132006883,33
0,54.0883,-49.323,11.2152,34.3826,251.786,-45.8602,3.86422,1.46088,,-1,0.378052,57.4148,20.1925,Gaia DR3 5940105938373876480,251.7860646,-45.8606114,0.001,0.001,77,1.63615E+18,5.94011E+18,790273259,1.1537,0.5788,1.7334,1.0209,1.6979,1.805,-1.351,1.294,1.198,0.947,0.3794,-0.0736,-0.5912,-0.1726,-0.215,-0.2021,-0.4665,-0.2187,0.0339,0.0286,185,0,184,1,0.8427,215.02,1.834,1.1255,95,FALSE,,1.2272,0.2084,-0.369,-0.034,0.115,0.184,-0.145,22,13,1.965004,23,0.0238,90.17,0,0,1.043,0,182,123.09627,0.895728,137.426,20.461754,0.008367,9,40.8516,5.9801,6.83126,21.310518,0.158961,14,118.779,8.65576,13.7225,19.56105,0.079211,1.297,0,1,0,0,0,1.749468,0.848764,0.900703,,,,,,,,,,,,,,,,,,,,,,,NOT_AVAILABLE,0,0,0.999991,,,,,,,,,,,,,,,,,,,,,,,251.7860733,-45.86061672,21.412464,15.427315,0.0444,1.494811,0.017981303,1.2553306,34
0,56.8672,-16.7572,35.4312,36.59,251.747,-45.8612,1.49271,1.4834,,-1,0.993764,65.2835,37.5456,Gaia DR3 5940106659927824896,251.7481155,-45.86224415,0.001,0.001,81,1.63615E+18,5.94011E+18,1411410287,1.0025,0.577,-1.7354,1.0655,-1.6288,4.486,-1.826,1.376,-4.098,0.96,0.1828,0.1178,-0.4119,-0.1811,-0.009,-0.1365,-0.4152,-0.3135,-0.2218,0.1348,236,0,236,0,6.0076,405.72,3.974,5.5897,95,FALSE,,1.5791,0.1992,-0.121,0.053,0.108,-0.053,-0.06,28,17,1.99737,29,0.03061,5.736,0,0,1.291,0,231,128.07975,0.988916,129.515,20.418665,0.008824,13,22.8405,6.28371,3.63487,21.94178,0.298713,23,218.063,11.5379,18.8997,18.901443,0.057571,1.881,0,0,0,0,0,3.040337,1.523115,1.517221,,,,,,,,,,,,,,,,,,,,,,,NOT_AVAILABLE,0,0,0.999997,,,,,,,,,,,,,,,,,,,,,,,251.7481271,-45.86222594,22.444027,15.613949,0.1433,4.698576,0.018182141,1.26935171,35
0,16.5815,106.061,34.1158,4.47806,251.752,-45.8256,1.23661,0.671994,-5.03233,-1,0.543417,-37.7941,9.53408,Gaia DR3 5940106793069531264,251.7507308,-45.8254639,0.001,0,83,1.63615E+18,5.94011E+18,1205705714,0.6367,0.3729,-0.0469,0.6817,-0.0688,5.885,0.086,1.005,-5.884,0.637,0.1451,0.0218,-0.4113,-0.1098,0.1252,-0.1459,-0.4598,-0.2208,-0.0956,0.3437,248,0,248,0,1.5701,294.17,1.512,1.5424,95,FALSE,,1.2886,0.1304,-0.015,0.025,0.024,0.1,0.093,30,16,1.469847,31,0.05873,91.26,1,0,1.071,0,247,176.69945,1.22331,144.444,20.069279,0.008006,26,86.281,8.45332,10.2068,20.498755,0.106411,26,304.147,9.66598,31.4657,18.540188,0.034712,2.21,0,26,0,26,0,1.958567,0.429476,1.529091,,,,,,,,,,,,,,,,,,,,,,,NOT_AVAILABLE,0,0,0.999994,,,,,,,,,,,,,,,,,,,,,,,251.7507302,-45.82543775,16.347047,10.366643,0.3418,3.218556,0.018234955,1.273038834,36
0,28.738,204.19,15.5217,3.20637,251.782,-45.8253,1.85314,1.55511,-7.06168,-1,0.839173,-58.054,11.0218,Gaia DR3 5940199912246656256,251.7823773,-45.82517887,0,0,85,1.63615E+18,5.9402E+18,1734701643,0.4044,0.2438,-0.0923,0.41,-0.2251,7.37,-1.509,0.489,-7.213,0.368,0.097,-0.2028,-0.2606,-0.0392,-0.0414,-0.0181,-0.3747,-0.2131,0.038,8.00E-04,277,0,276,1,-1.0913,274.37,0,0,95,FALSE,,1.1906,0.0875,-0.012,0.058,0.066,-0.015,-0.085,32,16,0.690237,34,0.02679,103.3,0,0,0.952,0,282,247.33009,0.970422,254.869,19.704174,0.005073,28,52.4977,4.18416,12.5468,21.03819,0.08658,32,307.282,12.2705,25.0422,18.529053,0.043521,1.455,0,20,0,21,0,2.509138,1.334017,1.175121,,,,,,,,,,,,,,,,,,,,,,,NOT_AVAILABLE,0,0,0.999997,,,,,,,,,,,,,,,,,,,,,,,251.7823869,-45.82514681,7.939934,5.986289,0.0037,1.044885,0.019084782,1.332367859,37
0,23.72,80.3388,22.503,2.58375,251.771,-45.8242,1.62469,0.49568,-4.95023,-1,0.305092,-68.5699,8.37798,Gaia DR3 5940200629509337216,251.771308,-45.82558563,0.001,0,92,1.63615E+18,5.9402E+18,482974353,0.5346,0.3701,0.1696,0.6052,0.2803,4.892,-2.207,0.707,-4.365,0.571,-0.0286,-0.0823,-0.2693,0.0777,-0.1721,0.1456,-0.4972,-0.3045,0.1611,-0.1853,276,0,271,5,2.6672,388.89,2.201,4.189,95,FALSE,,0.9343,0.1089,0.004,0.047,0.075,-0.103,-0.026,32,16,1.033427,33,0.03383,102.3,0,0,1.117,0,277,207.98023,1.01118,205.68,19.892311,0.005955,15,21.2072,4.24342,4.99767,22.022333,0.217266,27,429.947,17.877,24.0503,18.164358,0.045302,2.169,0,0,0,0,1,3.857975,2.130022,1.727953,,,,,,,,,,,,,,,,,,,,,,,NOT_AVAILABLE,0,0,1,,,,,,,,,,,,,,,,,,,,,,,251.7713221,-45.82556622,11.47398,9.332765,-0.1883,5.050411,0.019542514,1.364323607,38
0,17.1845,42.1627,2.43948,2.77942,251.803,-45.8256,2.84786,2.83117,-5.72638,-1,0.994141,-31.9647,20.978,Gaia DR3 5940199946606389760,251.8052885,-45.82393331,0,0,92,1.63615E+18,5.9402E+18,1757966963,0.4602,0.2719,0.3184,0.4927,0.6463,2.822,-1.731,0.53,2.228,0.416,-0.0443,-0.3191,-0.2359,0.0861,0.0029,0.0902,-0.4232,-0.1348,0.0153,-0.1167,287,0,287,0,2.1537,386.31,1.49,2.5,95,FALSE,,1.1065,0.092,0.055,0.043,0,-0.096,-0.044,33,16,0.755567,35,0.01856,91.52,0,0,1.091,0,287,240.51429,1.02762,234.049,19.734514,0.005395,30,40.9048,5.8889,6.94608,21.309107,0.156334,33,293.146,8.47965,34.5706,18.580183,0.031633,1.389,0,7,0,8,0,2.728924,1.574593,1.154331,,,,,,,,,,,,,,,,,,,,,,,NOT_AVAILABLE,0,0,0.999996,,,,,,,,,,,,,,,,,,,,,,,251.8052996,-45.82394322,8.607015,6.774363,-0.1212,8.31426,0.021223019,1.481644827,39
0,11.1613,79.3753,6.66534,1.16976,251.796,-45.8236,3.70005,0.668315,-5.22077,-1,0.180623,-7.16482,3.18611,Gaia DR3 5940199907954834816,251.7951311,-45.82279464,0,0,94,1.63615E+18,5.9402E+18,564591947,0.2469,0.1619,0.4158,0.2847,1.4606,4.82,-2.463,0.321,-4.144,0.26,-0.0657,-0.2229,-0.2047,0.0242,-0.0552,0.0585,-0.3616,-0.1417,0.0844,-0.1352,308,0,307,1,-0.2575,350.91,0.669,1.2728,95,FALSE,,1.1472,0.0536,0.011,0.052,0.01,-0.042,-0.092,35,18,0.455929,37,0.01785,11.29,0,0,0.988,0,307,438.10961,1.23997,353.323,19.08341,0.004127,15,31.4589,4.87662,6.45097,21.594183,0.168329,35,780.862,6.4538,120.993,17.516459,0.009737,1.854,0,0,0,1,1,4.077724,2.510773,1.566952,,,,,,,,,,,,,,,,,,,,,,,NOT_AVAILABLE,0,0,1,,,,,,,,,,,,,,,,,,,,,,,251.7951468,-45.82277623,5.191898,4.221738,-0.1352,3.637537,0.022042996,1.53888995,40
0,31.25,10.1991,45.9526,39.1766,251.73,-45.8635,10.5629,2.26043,-4.65E-05,-1,0.213997,-24.1363,17.6936,Gaia DR3 5940106694295489792,251.7308399,-45.86509061,0,0,99,1.63615E+18,5.94011E+18,868826549,0.0838,0.0623,0.2302,0.0948,2.4277,4.52,-2.334,0.128,-3.871,0.105,-0.1036,-0.0335,-0.3189,-0.011,-0.0933,0.0198,-0.4488,0.0429,-0.0015,-0.3208,364,0,363,1,3.3683,1260.9,0.68,29.534,95,FALSE,,1.1471,0.0181,0.045,0.176,0.017,-0.136,-0.029,42,19,0.190749,43,0.01498,91.94,0,0,1.128,0,358,4910.75932,4.76907,1029.71,16.459496,0.00295,40,166.347,7.84227,21.2116,19.786003,0.051262,39,8401.53,12.7305,659.955,14.936999,0.004122,1.745,0,15,0,15,0,4.849004,3.326508,1.522496,,,,,,,,,,,,,,,,,,,,,,,NOT_AVAILABLE,0,0,1,4636.4,4602.4,4659.5,2.1842,2.13,2.2201,-0.4197,-0.4262,-0.4135,1269.8624,1222.0367,1339.8395,9.9752,9.9438,9.9927,6.2034,6.1771,6.2188,3.6031,3.5864,3.6126,MARCS,251.7308548,-45.8650734,2.068955,1.708202,-0.3115,6.109178,0.022099613,1.542842572,41
0,35.75,2.38516,18.7335,40.5432,251.773,-45.8666,2.56041,0.151808,-2.10E-04,-1,0.0592907,-7.84414,19.2117,Gaia DR3 5940105904013590016,251.7724788,-45.86683407,0.001,0.001,73,1.63615E+18,5.94011E+18,369778892,1.2714,0.6607,0.7005,1.0809,0.6481,3.195,-1.984,1.668,-2.504,1.011,0.4583,0.3204,-0.7168,-0.4485,0.3116,-0.4727,-0.5091,-0.538,-0.2556,0.4359,196,0,196,0,-0.0193,223.35,2.248,1.4351,95,FALSE,,1.1068,0.2129,0.174,0.153,0.216,-0.255,-0.235,23,15,2.663735,23,0.05,70.53,0,0,0.997,0,193,107.55572,0.8888,121.012,20.608284,0.009386,2,21.0607,12.8813,1.63499,22.02986,0.66407,4,222.117,36.9334,6.014,18.881441,0.180574,2.261,0,0,0,0,1,3.148418,1.421576,1.726843,,,,,,,,,,,,,,,,,,,,,,,NOT_AVAILABLE,0,0,0.999996,,,,,,,,,,,,,,,,,,,,,,,251.7724915,-45.86682294,27.620946,16.521783,0.4517,1.544039,0.023210606,1.620404491,42
0,42.625,-73.193,14.0715,40.136,251.781,-45.8664,8.55289,3.67927,-3.89E-04,-1,0.430178,-81.1266,32.6877,Gaia DR3 5940106007092297984,251.7793458,-45.86642416,0.001,0,78,1.63615E+18,5.94011E+18,1332827551,0.6365,0.3813,0.36,0.6571,0.5479,5.354,-2.851,0.84,-4.532,0.587,0.2439,-0.0019,-0.4798,-0.1582,0.0386,-0.1782,-0.4004,-0.4106,-0.1146,0.243,233,0,232,1,-0.0139,259.99,0.636,0.25258,95,FALSE,,0.9157,0.1275,-0.084,0.034,0.09,-0.061,-0.134,28,16,1.256324,29,0.04957,103.8,0,0,0.998,0,215,162.99277,0.938021,173.762,20.156946,0.006829,3,293.104,6.06156,48.3545,19.170988,0.022626,5,417.86,35.2091,11.8679,18.195318,0.091563,4.362,0,0,0,0,1,0.97567,-0.985958,1.961628,,,,,,,,,,,,,,,,,,,,,,,NOT_AVAILABLE,0,0,0.999998,,,,,,,,,,,,,,,,,,,,,,,251.779364,-45.86640402,13.759569,9.549362,0.248,4.162305,0.023455315,1.637488384,43
0,20.9769,67.6222,31.5208,43.1629,251.753,-45.8687,2.21604,0.92504,-5.48522,-1,0.41743,59.812,4.93568,Gaia DR3 5940106625567600640,251.7531051,-45.86857064,0,0,99,1.63615E+18,5.94011E+18,339231211,0.0655,0.0478,0.4258,0.0743,5.7303,3.854,0.017,0.09,-3.854,0.075,-0.1097,-0.0757,-0.363,0.0389,-0.1413,0.0759,-0.48,-0.0959,0.1091,-0.1834,357,0,355,2,1.8424,438.6,0.203,1.4808,95,FALSE,,1.3574,0.0152,-0.115,0.095,-0.009,0.023,-0.027,41,19,0.131699,44,0.02575,92.4,1,0,1.07,0,364,2972.50925,2.98042,997.346,17.004559,0.002963,32,974.203,13.2944,73.2791,17.866919,0.015077,31,3759.02,161.778,23.2358,15.810207,0.04688,1.592,0,18,0,18,0,2.056711,0.86236,1.194351,,,,,,,,,,,,,,,,,,,,,,,NOT_AVAILABLE,0,0,0.999992,4848.9,4767.7,4913.7,4.317,4.2835,4.347,-1.3944,-1.5425,-1.3626,970.7806,937.4464,1006.698,1.9117,1.8384,1.9727,1.4364,1.3773,1.4856,0.7898,0.7563,0.8187,MARCS,251.753105,-45.86855351,1.471433,1.218462,-0.1816,0.521847,0.025257281,1.763289195,44
0,26.5541,4.82514,10.4823,41.5281,251.787,-45.8682,1.47194,0.36376,-3.01118,-1,0.247129,-63.5721,10.7767,Gaia DR3 5940105934069447168,251.7865363,-45.86876403,0,0,90,1.63615E+18,5.94011E+18,1489151347,0.1812,0.1169,0.6102,0.1943,3.1414,2.727,0.982,0.244,-2.545,0.187,-0.0073,-0.059,-0.4717,-0.0679,-0.0373,-0.0425,-0.4878,-0.1499,0.0463,-0.0332,351,0,349,2,-0.657,354.65,0,0,95,FALSE,,1.2997,0.0394,-0.081,0.039,0.054,-0.011,-0.044,41,19,0.351203,44,0.01027,70.1,0,0,0.974,0,352,640.17048,1.19472,535.832,18.671627,0.00342,38,144.002,6.09241,23.6363,19.94262,0.04602,38,759.914,10.3049,73.7432,17.545984,0.015201,1.412,0,32,0,33,0,2.396635,1.270992,1.125643,,,,,,,,,,,,,,,,,,,,,,,NOT_AVAILABLE,0,0,0.999998,4020.2,3989.6,4069.1,4.8809,4.7669,4.9243,-1.1399,-1.3121,-1.0272,567.8808,520.3093,619.4497,1.8202,1.7624,1.8944,1.2722,1.2308,1.3272,0.691,0.6684,0.7213,PHOENIX,251.78653,-45.86875272,3.992405,3.055217,-0.0272,2.34786,0.025658922,1.791329037,45
0,14.5094,130.389,36.2563,44.1155,251.745,-45.8695,1.86264,1.81955,-6.61947,-1,0.976863,-88.7199,5.82445,Gaia DR3 5940106625567602304,251.7456627,-45.86958845,0,0,97,1.63615E+18,5.94011E+18,1456296962,0.1812,0.1194,0.1087,0.2016,0.5389,4.384,-2.576,0.262,-3.547,0.194,-0.1088,-0.0563,-0.4738,1.00E-04,0.0191,0.0052,-0.5232,-0.0514,0.0275,-0.0239,362,0,360,2,0.0929,384.84,0,0,95,FALSE,,1.315,0.0391,-0.038,0.032,0.005,-0.004,0.021,42,19,0.373835,44,0.03215,105.8,0,0,1.003,0,358,647.16828,1.27694,506.812,18.659824,0.00349,0,,,,,,0,,,,,,,,,,,2,,,,,,,,,,,,,,,,,,,,,,,,,,NOT_AVAILABLE,,,,,,,,,,,,,,,,,,,,,,,,,,251.7456792,-45.86957269,4.27315,3.160555,-0.0233,1.703982,0.026421229,1.844548014,46
0,28.0628,161.951,23.2832,44.0992,251.766,-45.8703,4.9959,3.96349,-8.66157,-1,0.793348,-88.1129,27.9485,Gaia DR3 5940105904013078144,251.7662593,-45.87045794,0,0,93,1.63615E+18,5.94011E+18,806362933,0.1327,0.0892,0.3472,0.1534,2.2628,4.434,-2.059,0.18,-3.926,0.147,-0.0472,-0.1622,-0.3192,0.0334,-0.1384,0.0642,-0.4388,-0.0765,0.1017,-0.1082,327,0,326,1,-0.2806,514.47,0.655,5.6225,95,FALSE,,1.1019,0.0291,-0.107,0.065,0.023,0.019,-0.028,38,18,0.256245,42,0.008443,76.15,1,0,0.988,0,325,1329.91909,3.10296,428.597,17.877804,0.003743,0,,,,,,0,,,,,,,,,,,1,,,,,,,,,,,,,,,,,,,,,,,,,,NOT_AVAILABLE,0,0,0.999981,,,,,,,,,,,,,,,,,,,,,,,251.7662724,-45.87044049,2.921982,2.393265,-0.1086,0.850658,0.026720859,1.865466097,47
0,58.8339,-30.3592,18.2474,43.779,251.774,-45.8702,4.05463,0.00133523,0.00703943,-1,3.29E-04,52.3885,39.8054,Gaia DR3 5940105904021495808,251.7748451,-45.87009718,0,0,98,1.63615E+18,5.94011E+18,1146491539,0.0993,0.071,-0.0455,0.1129,-0.4031,4.453,-2.254,0.14,-3.841,0.113,-0.0968,-0.1254,-0.3169,0.0455,-0.1136,0.0881,-0.4922,-0.1177,0.0618,-0.194,352,0,352,0,2.017,776.74,0.656,13.096,95,FALSE,,1.1263,0.022,-0.093,0.061,0.02,0.01,-0.012,41,19,0.203235,44,0.01335,110.9,1,0,1.077,0,354,2460.85234,3.86844,636.135,17.209654,0.003241,39,75.4394,6.19951,12.1686,20.644547,0.089268,39,4403.2,19.5187,225.589,15.638475,0.006119,1.82,0,2,0,2,0,5.006071,3.434893,1.571178,,,,,,,,,,,,,,,,,,,,,,,NOT_AVAILABLE,0,0,1,4132.3,4119.9,4142,0.7954,0.7567,0.8106,-1.0882,-1.0895,-1.0866,5310.082,5246.099,5485.5464,9.9949,9.9827,9.999,6.0352,6.0241,6.0404,3.5344,3.5274,3.5375,MARCS,251.7748595,-45.87008012,2.276283,1.84927,-0.1929,2.146083,0.026822319,1.872549355,48
0,88.9985,-34.4057,21.431,45.2464,251.769,-45.8716,7.91959,0.445873,-0.0149386,-1,0.0563,66.5149,38.748,Gaia DR3 5940105904013595648,251.7681768,-45.87233298,0.009,0.002,62,1.63615E+18,5.94011E+18,311191010,7.8477,4.4461,,,,,,,,,0.909,,,,,,,,,,55,0,55,0,1.9465,71.252,4.414,1.4072,3,FALSE,,,,,,,,,7,6,24.593704,7,0.04139,88.03,0,14,,0,51,88.16417,3.33218,26.4584,20.824137,0.041128,2,43.9666,30.6857,1.4328,21.230734,0.757776,2,546.777,474.532,1.15225,17.903368,0.942285,6.701,0,0,0,0,0,3.327366,0.406597,2.920769,,,,,,,,,,,,,,,,,,,,,,,NOT_AVAILABLE,1.80E-04,5.70E-05,0.998169,,,,,,,,,,,,,,,,,,,,,,,251.7681768,-45.87233298,7.847718,4.446119,0.909,3.342228,0.028068645,1.959559217,49
0,21.1366,-33.7092,1.33468,43.3422,251.801,-45.8707,8.41551,0.0267758,,-1,0.00318172,77.6803,8.82694,Gaia DR3 5940105938381231232,251.7990328,-45.87076637,0,0,100,1.63615E+18,5.94011E+18,409548505,0.1488,0.1076,0.5306,0.1649,3.2184,3.559,-0.031,0.209,-3.559,0.173,-0.1166,0.0303,-0.4477,0.0357,-0.1601,0.0896,-0.5551,-0.2229,0.1815,-0.2036,317,0,316,1,4.3273,450.26,0.678,4.9919,31,FALSE,1.331,,,,,,,,37,19,0.309862,40,0.03525,102.6,0,0,1.177,0,311,1139.25002,1.89007,602.754,18.045818,0.003292,36,329.804,8.1903,40.2676,19.042904,0.027107,34,1265.36,8.56437,147.748,16.992357,0.008264,1.4,0,36,0,34,0,2.050547,0.997086,1.053461,,,,,,,,,,,,,,,,,,,,,,,NOT_AVAILABLE,0,0,0.999996,4907.6,4812.9,4970.9,4.8163,4.7728,4.8552,-1.7949,-2.0983,-1.5765,654.2216,614.7285,706.7947,2.4601,2.3622,2.5265,1.8205,1.7403,1.8738,1.0063,0.9614,1.0356,MARCS,251.799033,-45.87075055,3.413946,2.83469,-0.2003,4.92381,0.029445082,2.05565258,50
0,129.758,21.9399,12.4986,46.4757,251.783,-45.8735,0.441927,0.436577,-3.92563,-1,0.987893,51.5992,48.0048,Gaia DR3 5940105835293587072,251.7837708,-45.87271633,0,0,82,1.63615E+18,5.94011E+18,880471513,0.3978,0.2463,0.114,0.4268,0.2672,5.828,-2.865,0.525,-5.075,0.386,0.1497,-0.142,-0.2472,0.0144,-0.2264,0.0774,-0.5309,-0.119,0.231,0.0212,254,0,252,2,1.7582,342.41,1.379,3.5422,95,FALSE,,1.1116,0.0809,-0.081,-0.023,0.252,0.065,0.104,30,16,0.735168,34,0.01116,120,0,0,1.079,0,259,349.97551,1.57446,222.283,19.327272,0.005608,23,28.9589,7.56895,3.82601,21.684088,0.283791,28,615.344,17.823,34.5253,17.7751,0.031674,1.841,0,0,0,0,0,3.908987,2.356815,1.552172,,,,,,,,,,,,,,,,,,,,,,,NOT_AVAILABLE,0,0,1,,,,,,,,,,,,,,,,,,,,,,,251.7837891,-45.87269378,8.501332,6.313699,0.0171,3.415055,0.030528576,2.131294654,51
0,27.4952,71.3743,10.0241,46.293,251.787,-45.8735,1.77325,0.801467,-4.92188,-1,0.451976,-86.1018,4.06603,Gaia DR3 5940105938372798976,251.7870582,-45.87333929,0,0,80,1.63615E+18,5.94011E+18,662041904,0.4568,0.2815,-0.2339,0.46,-0.5085,7.075,-3.277,0.571,-6.271,0.411,0.1734,-0.0973,-0.3602,-0.0887,0.0034,-0.0888,-0.4539,-0.2925,-0.0174,0.0767,265,0,264,1,0.0835,293.28,0,0,95,FALSE,,1.1617,0.0951,-0.014,0.108,0.111,-0.082,-0.127,31,16,0.821294,35,0.04325,82.98,3,0,1.002,0,248,222.90348,0.996078,223.781,19.817074,0.00558,12,39.0042,2.96322,13.1628,21.360764,0.082533,13,265.526,29.8661,8.89054,18.68763,0.122181,1.366,0,1,0,1,0,2.673134,1.54369,1.129444,,,,,,,,,,,,,,,,,,,,,,,NOT_AVAILABLE,0,0,0.999993,,,,,,,,,,,,,,,,,,,,,,,251.7870791,-45.87331142,9.310519,6.710983,0.082,0.597988,0.030793302,2.149775982,52
0,15.6987,31.8605,3.35698,45.6433,251.798,-45.8731,2.09059,1.05011,-4.73477,-1,0.502306,46.4468,4.07442,Gaia DR3 5940105938372795776,251.795996,-45.8733008,0,0,86,1.63615E+18,5.94011E+18,903058903,0.3163,0.2005,-0.3934,0.3469,-1.1338,4.342,-1.641,0.427,-4.02,0.315,0.0739,-0.101,-0.2851,0.0011,-0.0766,0.0259,-0.4638,-0.2662,0.0307,-0.0177,279,0,276,3,2.012,386.28,1.262,4.0359,95,FALSE,,1.1111,0.0678,-0.059,0.038,0.141,-0.084,-0.061,33,17,0.602485,36,0.03555,46.55,0,0,1.087,0,284,407.11888,1.20841,336.903,19.163063,0.00424,12,27.283,5.20928,5.23739,21.74881,0.207323,30,734.088,9.0932,80.7293,17.583525,0.01397,1.87,0,0,0,2,1,4.165285,2.585747,1.579538,,,,,,,,,,,,,,,,,,,,,,,NOT_AVAILABLE,0,0,1,,,,,,,,,,,,,,,,,,,,,,,251.7960065,-45.87328293,6.922332,5.137449,-0.0181,5.084866,0.031366451,2.189789301,53
0,35.2222,35.2467,-16.5159,12.4918,251.803,-45.876,3.82003,2.08912,-1.01E-04,-1,0.546884,89.7621,29.8507,Gaia DR3 5940105732214359936,251.8039446,-45.87506084,0,0,87,1.63615E+18,5.94011E+18,343891287,0.3762,0.21,0.8847,0.366,2.417,8.674,-1.068,0.435,-8.608,0.336,0.0717,-0.236,-0.2955,-0.0779,-0.1742,0.0236,-0.4781,-0.2018,0.1301,-0.1916,254,0,253,1,-0.495,256.23,0,0,95,FALSE,,1.2652,0.0796,-0.198,0.108,0.048,-0.031,-0.084,29,16,0.628946,33,0.006381,11.6,0,0,0.976,0,236,352.59234,1.21302,290.673,19.319185,0.004642,17,103.815,8.02074,12.9433,20.297894,0.08393,17,379.108,9.48835,39.9551,18.30099,0.027435,1.37,0,0,0,0,0,1.996904,0.978708,1.018196,,,,,,,,,,,,,,,,,,,,,,,NOT_AVAILABLE,0,0,0.999989,,,,,,,,,,,,,,,,,,,,,,,251.8039514,-45.87502258,7.07309,5.482604,-0.1815,4.134849,0.034623317,2.417161237,54
